what,kind,bundleId,bundleVersion,description,time
stopped,bundle,org.eclipse.m2e.editor,1.0.100.20110804-1717,"org.eclipse.m2e.editor",1331204991258
stopped,bundle,org.eclipse.m2e.editor.xml,1.0.100.20110804-1717,"org.eclipse.m2e.editor.xml",1331204991375
stopped,bundle,org.eclipse.m2e.jdt,1.0.100.20110804-1717,"org.eclipse.m2e.jdt",1331204991468
stopped,bundle,org.eclipse.m2e.launching,1.0.100.20110804-1717,"org.eclipse.m2e.launching",1331204991604
stopped,bundle,org.eclipse.m2e.usagedata,1.0.100.20110804-1717,"org.eclipse.m2e.usagedata",1331204991604
stopped,bundle,overlay.com.android.ide.eclipse.adt.overlay,16.0.1.v201112150204-238534,"overlay.com.android.ide.eclipse.adt.overlay",1331204991672
stopped,bundle,com.android.ide.eclipse.adt,16.0.1.v201112150204-238534,"com.android.ide.eclipse.adt",1331204991672
stopped,bundle,org.eclipse.ui.cheatsheets,3.4.100.v20110425,"org.eclipse.ui.cheatsheets",1331204991784
stopped,bundle,org.eclipse.help.ui,3.5.101.r37_20110819,"org.eclipse.help.ui",1331204991883
stopped,bundle,org.eclipse.help.webapp,3.6.0.v20110518,"org.eclipse.help.webapp",1331204991996
stopped,bundle,org.eclipse.epp.mpc.ui,1.1.1.I20110907-0947,"org.eclipse.epp.mpc.ui",1331204991996
stopped,bundle,org.eclipse.epp.usagedata.ui,1.3.1.R201106061540,"org.eclipse.epp.usagedata.ui",1331204991996
stopped,bundle,org.eclipse.ui.intro.universal,3.2.500.v20110510,"org.eclipse.ui.intro.universal",1331204991996
stopped,bundle,org.eclipse.ui.intro,3.4.100.v20110425,"org.eclipse.ui.intro",1331204991996
stopped,bundle,org.eclipse.help.base,3.6.1.v201109091335,"org.eclipse.help.base",1331204992133
stopped,bundle,org.eclipse.equinox.http.jetty,2.0.100.v20110502,"org.eclipse.equinox.http.jetty",1331204992185
stopped,bundle,org.eclipse.m2e.core.ui,1.0.100.20110804-1717,"org.eclipse.m2e.core.ui",1331204992256
stopped,bundle,org.eclipse.m2e.core,1.0.100.20110804-1717,"org.eclipse.m2e.core",1331204992383
stopped,bundle,org.eclipse.mylyn.ide.ant,3.6.0.v20110608-1400,"org.eclipse.mylyn.ide.ant",1331204992417
stopped,bundle,org.eclipse.ant.ui,3.5.100.v20110510,"org.eclipse.ant.ui",1331204992689
stopped,bundle,org.eclipse.ant.launching,1.0.100.v20110506,"org.eclipse.ant.launching",1331204992827
stopped,bundle,org.eclipse.compare.win32,1.0.200.I20110510-0800,"org.eclipse.compare.win32",1331204993818
stopped,bundle,org.eclipse.egit.mylyn.ui,1.1.0.201109151100-r,"org.eclipse.egit.mylyn.ui",1331204993910
stopped,bundle,org.eclipse.egit.ui,1.1.0.201109151100-r,"org.eclipse.egit.ui",1331204993910
stopped,bundle,org.eclipse.equinox.p2.ui.sdk,1.0.200.v20110502-1955,"org.eclipse.equinox.p2.ui.sdk",1331204993949
stopped,bundle,org.eclipse.mylyn.java.tasks,3.6.0.v20110608-1400,"org.eclipse.mylyn.java.tasks",1331204993949
stopped,bundle,org.eclipse.mylyn.java.ui,3.6.0.v20110608-1400,"org.eclipse.mylyn.java.ui",1331204993949
stopped,bundle,org.eclipse.jdt.junit,3.7.0.v20110505-0800,"org.eclipse.jdt.junit",1331204993949
stopped,bundle,org.eclipse.jdt.apt.ui,3.3.300.v20110305-1450,"org.eclipse.jdt.apt.ui",1331204993995
stopped,bundle,org.eclipse.jdt.debug.ui,3.6.1.v20110803_r371,"org.eclipse.jdt.debug.ui",1331204993995
stopped,bundle,org.eclipse.wb.swing.databinding,1.1.0.r37x201109091143,"org.eclipse.wb.swing.databinding",1331204994028
stopped,bundle,org.eclipse.wb.core.databinding,1.1.0.r37x201109091012,"org.eclipse.wb.core.databinding",1331204994104
stopped,bundle,org.eclipse.wb.swing.FormLayout,1.1.0.r37x201109091143,"org.eclipse.wb.swing.FormLayout",1331204994165
activated,perspective,org.eclipse.jdt.ui,,"org.eclipse.jdt.ui.JavaPerspective",1331205055078
started,bundle,org.eclipse.osgi,3.7.1.R37x_v20110808-1106,"org.eclipse.osgi",1331205055081
started,bundle,org.eclipse.equinox.simpleconfigurator,1.0.200.v20110502-1955,"org.eclipse.equinox.simpleconfigurator",1331205055130
started,bundle,com.ibm.icu,4.4.2.v20110208,"com.ibm.icu",1331205055144
started,bundle,org.eclipse.compare.core,3.5.200.I20110208-0800,"org.eclipse.compare.core",1331205055391
started,bundle,org.eclipse.core.contenttype,3.4.100.v20110423-0524,"org.eclipse.core.contenttype",1331205055427
started,bundle,org.eclipse.core.databinding.observable,1.4.0.I20110222-0800,"org.eclipse.core.databinding.observable",1331205055428
started,bundle,org.eclipse.core.expressions,3.4.300.v20110228,"org.eclipse.core.expressions",1331205055428
started,bundle,org.eclipse.core.filebuffers,3.5.200.v20110505-0800,"org.eclipse.core.filebuffers",1331205055495
started,bundle,org.eclipse.core.filesystem,1.3.100.v20110423-0524,"org.eclipse.core.filesystem",1331205055540
started,bundle,org.eclipse.core.jobs,3.5.100.v20110404,"org.eclipse.core.jobs",1331205055541
started,bundle,org.eclipse.core.net,1.2.100.I20110511-0800,"org.eclipse.core.net",1331205055541
started,bundle,org.eclipse.core.resources,3.7.100.v20110510-0712,"org.eclipse.core.resources",1331205055625
started,bundle,org.eclipse.core.runtime,3.7.0.v20110110,"org.eclipse.core.runtime",1331205055630
started,bundle,org.eclipse.core.runtime.compatibility,3.2.100.v20100505,"org.eclipse.core.runtime.compatibility",1331205055688
started,bundle,org.eclipse.core.runtime.compatibility.auth,3.2.200.v20110110,"org.eclipse.core.runtime.compatibility.auth",1331205055756
started,bundle,org.eclipse.core.variables,3.2.500.v20110511,"org.eclipse.core.variables",1331205055757
started,bundle,org.eclipse.debug.core,3.7.0.v20110518,"org.eclipse.debug.core",1331205055838
started,bundle,org.eclipse.egit.core,1.1.0.201109151100-r,"org.eclipse.egit.core",1331205055881
started,bundle,org.eclipse.egit.ui,1.1.0.201109151100-r,"org.eclipse.egit.ui",1331205056000
started,bundle,org.eclipse.epp.mpc.ui,1.1.1.I20110907-0947,"org.eclipse.epp.mpc.ui",1331205056047
started,bundle,org.eclipse.epp.usagedata.gathering,1.3.1.R201106061540,"org.eclipse.epp.usagedata.gathering",1331205056047
started,bundle,org.eclipse.epp.usagedata.recording,1.3.1.R201106061540,"org.eclipse.epp.usagedata.recording",1331205056083
started,bundle,org.eclipse.equinox.app,1.3.100.v20110321,"org.eclipse.equinox.app",1331205056085
started,bundle,org.eclipse.equinox.common,3.6.0.v20110523,"org.eclipse.equinox.common",1331205056104
started,bundle,org.eclipse.equinox.ds,1.3.1.R37x_v20110701,"org.eclipse.equinox.ds",1331205056105
started,bundle,org.eclipse.equinox.event,1.2.100.v20110502,"org.eclipse.equinox.event",1331205056148
started,bundle,org.eclipse.equinox.p2.core,2.1.0.v20110502-1955,"org.eclipse.equinox.p2.core",1331205056149
started,bundle,org.eclipse.equinox.p2.directorywatcher,1.0.300.v20110502-1955,"org.eclipse.equinox.p2.directorywatcher",1331205056150
started,bundle,org.eclipse.equinox.p2.engine,2.1.0.v20110511,"org.eclipse.equinox.p2.engine",1331205056183
started,bundle,org.eclipse.equinox.p2.metadata,2.1.0.v20110510,"org.eclipse.equinox.p2.metadata",1331205056184
started,bundle,org.eclipse.equinox.p2.metadata.repository,1.2.0.v20110511-1359,"org.eclipse.equinox.p2.metadata.repository",1331205056185
started,bundle,org.eclipse.equinox.p2.operations,2.1.0.v20110511-1821,"org.eclipse.equinox.p2.operations",1331205056185
started,bundle,org.eclipse.equinox.p2.reconciler.dropins,1.1.100.v20110510,"org.eclipse.equinox.p2.reconciler.dropins",1331205056209
started,bundle,org.eclipse.equinox.p2.repository,2.1.0.v20110601,"org.eclipse.equinox.p2.repository",1331205056210
started,bundle,org.eclipse.equinox.p2.ui.sdk.scheduler,1.0.100.v20110502-1955,"org.eclipse.equinox.p2.ui.sdk.scheduler",1331205056211
started,bundle,org.eclipse.equinox.p2.updatechecker,1.1.200.v20110502-1955,"org.eclipse.equinox.p2.updatechecker",1331205056211
started,bundle,org.eclipse.equinox.preferences,3.4.1.R37x_v20110725,"org.eclipse.equinox.preferences",1331205056229
started,bundle,org.eclipse.equinox.registry,3.5.101.R37x_v20110810-1611,"org.eclipse.equinox.registry",1331205056229
started,bundle,org.eclipse.equinox.security,1.1.1.R37x_v20110822-1018,"org.eclipse.equinox.security",1331205056320
started,bundle,org.eclipse.equinox.util,1.0.300.v20110502,"org.eclipse.equinox.util",1331205056322
started,bundle,org.eclipse.help,3.5.100.v20110426,"org.eclipse.help",1331205056322
started,bundle,org.eclipse.jdt.apt.core,3.3.500.v20110420-1015,"org.eclipse.jdt.apt.core",1331205056323
started,bundle,org.eclipse.jdt.core,3.7.1.v_B76_R37x,"org.eclipse.jdt.core",1331205056324
started,bundle,org.eclipse.jdt.core.manipulation,1.4.0.v20110505-0800,"org.eclipse.jdt.core.manipulation",1331205056325
started,bundle,org.eclipse.jdt.junit,3.7.0.v20110505-0800,"org.eclipse.jdt.junit",1331205056339
started,bundle,org.eclipse.jdt.launching,3.6.1.v20110803_r371,"org.eclipse.jdt.launching",1331205056358
started,bundle,org.eclipse.jdt.ui,3.7.1.r371_v20110824-0800,"org.eclipse.jdt.ui",1331205056358
started,bundle,org.eclipse.jface,3.7.0.I20110522-1430,"org.eclipse.jface",1331205056359
started,bundle,org.eclipse.jgit,1.1.0.201109151100-r,"org.eclipse.jgit",1331205056360
started,bundle,org.eclipse.jsch.core,1.1.300.I20110514-0800,"org.eclipse.jsch.core",1331205056361
started,bundle,org.eclipse.ltk.core.refactoring,3.5.201.r371_v20110824-0800,"org.eclipse.ltk.core.refactoring",1331205056362
started,bundle,org.eclipse.ltk.ui.refactoring,3.6.0.v20110505-0800,"org.eclipse.ltk.ui.refactoring",1331205056418
started,bundle,org.eclipse.m2e.logback.configuration,1.0.100.20110804-1717,"org.eclipse.m2e.logback.configuration",1331205056419
started,bundle,org.eclipse.mylyn.bugzilla.core,3.6.2.v20110903-0100,"org.eclipse.mylyn.bugzilla.core",1331205056421
started,bundle,org.eclipse.mylyn.bugzilla.ui,3.6.0.v20110608-1400,"org.eclipse.mylyn.bugzilla.ui",1331205056422
started,bundle,org.eclipse.mylyn.commons.identity,0.8.0.v20110608-1400,"org.eclipse.mylyn.commons.identity",1331205056451
started,bundle,org.eclipse.mylyn.commons.net,3.6.0.v20110608-1400,"org.eclipse.mylyn.commons.net",1331205056451
started,bundle,org.eclipse.mylyn.commons.ui,3.6.1.v20110720-0100,"org.eclipse.mylyn.commons.ui",1331205056476
started,bundle,org.eclipse.mylyn.context.core,3.6.1.v20110720-0100,"org.eclipse.mylyn.context.core",1331205056477
started,bundle,org.eclipse.mylyn.context.ui,3.6.0.v20110608-1400,"org.eclipse.mylyn.context.ui",1331205056499
started,bundle,org.eclipse.mylyn.monitor.ui,3.6.0.v20110608-1400,"org.eclipse.mylyn.monitor.ui",1331205056500
started,bundle,org.eclipse.mylyn.tasks.ui,3.6.2.v20110826-0100,"org.eclipse.mylyn.tasks.ui",1331205056562
started,bundle,org.eclipse.mylyn.team.ui,3.6.1.v20110825-0100,"org.eclipse.mylyn.team.ui",1331205056563
started,bundle,org.eclipse.search,3.7.0.v20110505-0800,"org.eclipse.search",1331205056564
started,bundle,org.eclipse.team.core,3.6.0.I20110525-0800,"org.eclipse.team.core",1331205056565
started,bundle,org.eclipse.team.ui,3.6.100.I20110525-0800,"org.eclipse.team.ui",1331205056634
started,bundle,org.eclipse.ui,3.7.0.I20110602-0100,"org.eclipse.ui",1331205056707
started,bundle,org.eclipse.ui.console,3.5.100.v20110511,"org.eclipse.ui.console",1331205056741
started,bundle,org.eclipse.ui.editors,3.7.0.v20110517-0800,"org.eclipse.ui.editors",1331205056741
started,bundle,org.eclipse.ui.forms,3.5.100.v20110425,"org.eclipse.ui.forms",1331205056778
started,bundle,org.eclipse.ui.ide,3.7.0.v20110809-1737,"org.eclipse.ui.ide",1331205056832
started,bundle,org.eclipse.ui.intro,3.4.100.v20110425,"org.eclipse.ui.intro",1331205056889
started,bundle,org.eclipse.ui.intro.universal,3.2.500.v20110510,"org.eclipse.ui.intro.universal",1331205056889
started,bundle,org.eclipse.ui.net,1.2.100.I20110511-0800,"org.eclipse.ui.net",1331205056908
started,bundle,org.eclipse.ui.views,3.6.0.I20110412-0800,"org.eclipse.ui.views",1331205056939
started,bundle,org.eclipse.ui.workbench,3.7.0.I20110519-0100,"org.eclipse.ui.workbench",1331205056940
started,bundle,org.eclipse.ui.workbench.texteditor,3.7.0.v20110505-0800,"org.eclipse.ui.workbench.texteditor",1331205056949
started,bundle,org.eclipse.update.configurator,3.3.100.v20100512,"org.eclipse.update.configurator",1331205056951
started,bundle,org.eclipse.update.core,3.2.500.v20110330,"org.eclipse.update.core",1331205056981
started,bundle,org.eclipse.update.scheduler,3.2.300.v20100512,"org.eclipse.update.scheduler",1331205056982
started,bundle,org.eclipse.wb.core,1.1.0.r37x201109091012,"org.eclipse.wb.core",1331205056998
started,bundle,org.eclipse.wb.core.lib,1.1.0.r37x201109091012,"org.eclipse.wb.core.lib",1331205057039
started,bundle,org.eclipse.wb.discovery.core,1.1.0.r37x201109091028,"org.eclipse.wb.discovery.core",1331205057040
started,bundle,org.eclipse.wb.discovery.ui,1.1.0.r37x201109091028,"org.eclipse.wb.discovery.ui",1331205057040
started,bundle,org.eclipse.wst.sse.core,1.1.601.v201108151912,"org.eclipse.wst.sse.core",1331205057125
started,bundle,com.android.ide.eclipse.adt,16.0.1.v201112150204-238534,"com.android.ide.eclipse.adt",1331205057125
started,bundle,com.android.ide.eclipse.ddms,16.0.1.v201112150204-238534,"com.android.ide.eclipse.ddms",1331205057158
started,bundle,com.android.ide.eclipse.traceview,16.0.1.v201112150204-238534,"com.android.ide.eclipse.traceview",1331205057159
os,sysinfo,,,"win32",1331205057162
arch,sysinfo,,,"x86",1331205057162
ws,sysinfo,,,"win32",1331205057162
locale,sysinfo,,,"en_US",1331205057162
processors,sysinfo,,,"4",1331205057162
java.runtime.name,sysinfo,,,"Java(TM) SE Runtime Environment",1331205057162
java.runtime.version,sysinfo,,,"1.7.0_02-b13",1331205057162
java.specification.name,sysinfo,,,"Java Platform API Specification",1331205057162
java.specification.vendor,sysinfo,,,"Oracle Corporation",1331205057162
java.specification.version,sysinfo,,,"1.7",1331205057162
java.vendor,sysinfo,,,"Oracle Corporation",1331205057162
java.version,sysinfo,,,"1.7.0_02",1331205057162
java.vm.info,sysinfo,,,"mixed mode, sharing",1331205057162
java.vm.name,sysinfo,,,"Java HotSpot(TM) Client VM",1331205057162
java.vm.specification.name,sysinfo,,,"Java Virtual Machine Specification",1331205057162
java.vm.specification.vendor,sysinfo,,,"Oracle Corporation",1331205057162
java.vm.specification.version,sysinfo,,,"1.7",1331205057162
java.vm.vendor,sysinfo,,,"Oracle Corporation",1331205057162
java.vm.version,sysinfo,,,"22.0-b10",1331205057162
started,bundle,org.eclipse.m2e.usagedata,1.0.100.20110804-1717,"org.eclipse.m2e.usagedata",1331205057213
activated,workbench,org.eclipse.ui.workbench,3.7.0.I20110519-0100,"",1331205057574
started,bundle,org.eclipse.team.cvs.core,3.3.400.I20110510-0800,"org.eclipse.team.cvs.core",1331205059160
started,bundle,org.eclipse.team.cvs.ui,3.3.400.I20110510-0800,"org.eclipse.team.cvs.ui",1331205059616
deactivated,workbench,org.eclipse.ui.workbench,3.7.0.I20110519-0100,"",1331205061203
activated,workbench,org.eclipse.ui.workbench,3.7.0.I20110519-0100,"",1331205061302
deactivated,workbench,org.eclipse.ui.workbench,3.7.0.I20110519-0100,"",1331205061919
activated,workbench,org.eclipse.ui.workbench,3.7.0.I20110519-0100,"",1331205063234
started,bundle,org.eclipse.debug.ui,3.7.101.v20110817_r371,"org.eclipse.debug.ui",1331205071781
started,bundle,org.eclipse.jdt.junit.core,3.7.0.v20110518-0800,"org.eclipse.jdt.junit.core",1331205072021
started,bundle,org.eclipse.jdt.debug,3.7.1.v20110802_r371,"org.eclipse.jdt.debug",1331205072815
started,bundle,org.eclipse.jdt.debug.ui,3.6.1.v20110803_r371,"org.eclipse.jdt.debug.ui",1331205073148
deactivated,workbench,org.eclipse.ui.workbench,3.7.0.I20110519-0100,"",1331205078604
activated,workbench,org.eclipse.ui.workbench,3.7.0.I20110519-0100,"",1331205097584
deactivated,workbench,org.eclipse.ui.workbench,3.7.0.I20110519-0100,"",1331205098903
activated,workbench,org.eclipse.ui.workbench,3.7.0.I20110519-0100,"",1331205133155
deactivated,workbench,org.eclipse.ui.workbench,3.7.0.I20110519-0100,"",1331205135232
activated,workbench,org.eclipse.ui.workbench,3.7.0.I20110519-0100,"",1331205147421
activated,view,org.eclipse.jdt.ui,3.7.1.r371_v20110824-0800,"org.eclipse.jdt.ui.PackageExplorer",1331205147453
activated,view,org.eclipse.ui.console,3.5.100.v20110511,"org.eclipse.ui.console.ConsoleView",1331205148135
deactivated,workbench,org.eclipse.ui.workbench,3.7.0.I20110519-0100,"",1331205149638
activated,workbench,org.eclipse.ui.workbench,3.7.0.I20110519-0100,"",1331205167744
opened,view,com.android.ide.eclipse.ddms,16.0.1.v201112150204-238534,"com.android.ide.eclipse.ddms.views.LogCatView",1331205169481
activated,view,com.android.ide.eclipse.ddms,16.0.1.v201112150204-238534,"com.android.ide.eclipse.ddms.views.LogCatView",1331205169504
deactivated,workbench,org.eclipse.ui.workbench,3.7.0.I20110519-0100,"",1331205178414
activated,workbench,org.eclipse.ui.workbench,3.7.0.I20110519-0100,"",1331205187784
activated,editor,org.eclipse.jdt.ui,3.7.1.r371_v20110824-0800,"org.eclipse.jdt.ui.CompilationUnitEditor",1331205188921
executed,command,org.eclipse.ui,3.7.0.I20110602-0100,"org.eclipse.ui.edit.cut",1331205198835
executed,command,org.eclipse.ui,3.7.0.I20110602-0100,"org.eclipse.ui.edit.paste",1331205203519
started,bundle,org.eclipse.mylyn.java.tasks,3.6.0.v20110608-1400,"org.eclipse.mylyn.java.tasks",1331205203895
executed,command,org.eclipse.ui,3.7.0.I20110602-0100,"org.eclipse.ui.file.save",1331205204291
executed,command,org.eclipse.ui,3.7.0.I20110602-0100,"org.eclipse.ui.file.save",1331205207186
deactivated,workbench,org.eclipse.ui.workbench,3.7.0.I20110519-0100,"",1331205213529
activated,workbench,org.eclipse.ui.workbench,3.7.0.I20110519-0100,"",1331205270770
deactivated,workbench,org.eclipse.ui.workbench,3.7.0.I20110519-0100,"",1331205280135
activated,workbench,org.eclipse.ui.workbench,3.7.0.I20110519-0100,"",1331205283747
deactivated,workbench,org.eclipse.ui.workbench,3.7.0.I20110519-0100,"",1331205288774
activated,workbench,org.eclipse.ui.workbench,3.7.0.I20110519-0100,"",1331205291055
deactivated,workbench,org.eclipse.ui.workbench,3.7.0.I20110519-0100,"",1331205295095
activated,workbench,org.eclipse.ui.workbench,3.7.0.I20110519-0100,"",1331205297749
deactivated,workbench,org.eclipse.ui.workbench,3.7.0.I20110519-0100,"",1331205298895
activated,workbench,org.eclipse.ui.workbench,3.7.0.I20110519-0100,"",1331205300105
executed,command,org.eclipse.ui.workbench.texteditor,3.7.0.v20110505-0800,"org.eclipse.ui.edit.text.goto.lineEnd",1331205318013
executed,command,org.eclipse.ui,3.7.0.I20110602-0100,"org.eclipse.ui.file.save",1331205318654
deactivated,workbench,org.eclipse.ui.workbench,3.7.0.I20110519-0100,"",1331205322478
activated,workbench,org.eclipse.ui.workbench,3.7.0.I20110519-0100,"",1331205331378
deactivated,workbench,org.eclipse.ui.workbench,3.7.0.I20110519-0100,"",1331205345303
activated,workbench,org.eclipse.ui.workbench,3.7.0.I20110519-0100,"",1331205355496
activated,view,com.android.ide.eclipse.ddms,16.0.1.v201112150204-238534,"com.android.ide.eclipse.ddms.views.LogCatView",1331205357960
activated,editor,org.eclipse.jdt.ui,3.7.1.r371_v20110824-0800,"org.eclipse.jdt.ui.CompilationUnitEditor",1331205380939
executed,command,org.eclipse.ui,3.7.0.I20110602-0100,"org.eclipse.ui.edit.delete",1331205385081
executed,command,org.eclipse.ui,3.7.0.I20110602-0100,"org.eclipse.ui.edit.delete",1331205385236
executed,command,org.eclipse.ui,3.7.0.I20110602-0100,"org.eclipse.ui.edit.delete",1331205385390
executed,command,org.eclipse.ui,3.7.0.I20110602-0100,"org.eclipse.ui.edit.delete",1331205385542
executed,command,org.eclipse.ui,3.7.0.I20110602-0100,"org.eclipse.ui.edit.delete",1331205385693
executed,command,org.eclipse.ui,3.7.0.I20110602-0100,"org.eclipse.ui.edit.delete",1331205385852
executed,command,org.eclipse.ui,3.7.0.I20110602-0100,"org.eclipse.ui.edit.delete",1331205386016
executed,command,org.eclipse.ui,3.7.0.I20110602-0100,"org.eclipse.ui.edit.delete",1331205386381
executed,command,org.eclipse.ui,3.7.0.I20110602-0100,"org.eclipse.ui.file.save",1331205387400
executed,command,org.eclipse.ui,3.7.0.I20110602-0100,"org.eclipse.ui.file.save",1331205389787
deactivated,workbench,org.eclipse.ui.workbench,3.7.0.I20110519-0100,"",1331205395761
activated,workbench,org.eclipse.ui.workbench,3.7.0.I20110519-0100,"",1331205395783
deactivated,workbench,org.eclipse.ui.workbench,3.7.0.I20110519-0100,"",1331205397167
activated,workbench,org.eclipse.ui.workbench,3.7.0.I20110519-0100,"",1331205419495
deactivated,workbench,org.eclipse.ui.workbench,3.7.0.I20110519-0100,"",1331205421151
activated,workbench,org.eclipse.ui.workbench,3.7.0.I20110519-0100,"",1331205430529
activated,view,com.android.ide.eclipse.ddms,16.0.1.v201112150204-238534,"com.android.ide.eclipse.ddms.views.LogCatView",1331205432843
deactivated,workbench,org.eclipse.ui.workbench,3.7.0.I20110519-0100,"",1331205438119
activated,workbench,org.eclipse.ui.workbench,3.7.0.I20110519-0100,"",1331205444987
activated,editor,org.eclipse.jdt.ui,3.7.1.r371_v20110824-0800,"org.eclipse.jdt.ui.CompilationUnitEditor",1331205445023
executed,command,org.eclipse.ui,3.7.0.I20110602-0100,"org.eclipse.ui.file.save",1331205450975
executed,command,org.eclipse.ui,3.7.0.I20110602-0100,"org.eclipse.ui.file.save",1331205453171
deactivated,workbench,org.eclipse.ui.workbench,3.7.0.I20110519-0100,"",1331205454479
activated,workbench,org.eclipse.ui.workbench,3.7.0.I20110519-0100,"",1331205456568
deactivated,workbench,org.eclipse.ui.workbench,3.7.0.I20110519-0100,"",1331205460217
activated,workbench,org.eclipse.ui.workbench,3.7.0.I20110519-0100,"",1331205463880
deactivated,workbench,org.eclipse.ui.workbench,3.7.0.I20110519-0100,"",1331205464101
activated,workbench,org.eclipse.ui.workbench,3.7.0.I20110519-0100,"",1331205464333
deactivated,workbench,org.eclipse.ui.workbench,3.7.0.I20110519-0100,"",1331205464436
activated,workbench,org.eclipse.ui.workbench,3.7.0.I20110519-0100,"",1331205576021
deactivated,workbench,org.eclipse.ui.workbench,3.7.0.I20110519-0100,"",1331205577206
activated,workbench,org.eclipse.ui.workbench,3.7.0.I20110519-0100,"",1331205602449
deactivated,workbench,org.eclipse.ui.workbench,3.7.0.I20110519-0100,"",1331205602967
activated,workbench,org.eclipse.ui.workbench,3.7.0.I20110519-0100,"",1331205714117
deactivated,workbench,org.eclipse.ui.workbench,3.7.0.I20110519-0100,"",1331205721838
activated,workbench,org.eclipse.ui.workbench,3.7.0.I20110519-0100,"",1331206273003
deactivated,workbench,org.eclipse.ui.workbench,3.7.0.I20110519-0100,"",1331206275901
activated,workbench,org.eclipse.ui.workbench,3.7.0.I20110519-0100,"",1331206411175
deactivated,workbench,org.eclipse.ui.workbench,3.7.0.I20110519-0100,"",1331206411234
activated,workbench,org.eclipse.ui.workbench,3.7.0.I20110519-0100,"",1331207453896
deactivated,workbench,org.eclipse.ui.workbench,3.7.0.I20110519-0100,"",1331207454127
activated,workbench,org.eclipse.ui.workbench,3.7.0.I20110519-0100,"",1331208784111
deactivated,workbench,org.eclipse.ui.workbench,3.7.0.I20110519-0100,"",1331208784646
activated,workbench,org.eclipse.ui.workbench,3.7.0.I20110519-0100,"",1331210664764
deactivated,workbench,org.eclipse.ui.workbench,3.7.0.I20110519-0100,"",1331210665824
activated,workbench,org.eclipse.ui.workbench,3.7.0.I20110519-0100,"",1331211319718
deactivated,workbench,org.eclipse.ui.workbench,3.7.0.I20110519-0100,"",1331211320262
activated,workbench,org.eclipse.ui.workbench,3.7.0.I20110519-0100,"",1331211399507
deactivated,workbench,org.eclipse.ui.workbench,3.7.0.I20110519-0100,"",1331211399983
activated,workbench,org.eclipse.ui.workbench,3.7.0.I20110519-0100,"",1331211579484
deactivated,workbench,org.eclipse.ui.workbench,3.7.0.I20110519-0100,"",1331211580183
activated,workbench,org.eclipse.ui.workbench,3.7.0.I20110519-0100,"",1331221161473
deactivated,workbench,org.eclipse.ui.workbench,3.7.0.I20110519-0100,"",1331221161761
deactivated,workbench,org.eclipse.ui.workbench,3.7.0.I20110519-0100,"",1331221168312
deactivated,workbench,org.eclipse.ui.workbench,3.7.0.I20110519-0100,"",1331221168561
deactivated,workbench,org.eclipse.ui.workbench,3.7.0.I20110519-0100,"",1331221170696
activated,workbench,org.eclipse.ui.workbench,3.7.0.I20110519-0100,"",1331227033784
deactivated,workbench,org.eclipse.ui.workbench,3.7.0.I20110519-0100,"",1331227044008
activated,workbench,org.eclipse.ui.workbench,3.7.0.I20110519-0100,"",1331227065057
closed,workbench,org.eclipse.ui.workbench,3.7.0.I20110519-0100,"",1331227119676
started,bundle,org.eclipse.compare,3.5.201.R37x_v20110817-0800,"org.eclipse.compare",1331227126019
stopped,bundle,org.eclipse.m2e.logback.configuration,1.0.100.20110804-1717,"org.eclipse.m2e.logback.configuration",1331227131683
stopped,bundle,org.eclipse.m2e.discovery,1.0.100.20110804-1717,"org.eclipse.m2e.discovery",1331227131818
stopped,bundle,org.eclipse.m2e.refactoring,1.0.100.20110804-1717,"org.eclipse.m2e.refactoring",1331227131942
stopped,bundle,org.eclipse.m2e.editor,1.0.100.20110804-1717,"org.eclipse.m2e.editor",1331227132182
stopped,bundle,org.eclipse.m2e.editor.xml,1.0.100.20110804-1717,"org.eclipse.m2e.editor.xml",1331227132288
stopped,bundle,org.eclipse.m2e.jdt,1.0.100.20110804-1717,"org.eclipse.m2e.jdt",1331227132382
stopped,bundle,org.eclipse.m2e.launching,1.0.100.20110804-1717,"org.eclipse.m2e.launching",1331227132537
stopped,bundle,org.eclipse.m2e.usagedata,1.0.100.20110804-1717,"org.eclipse.m2e.usagedata",1331227132537
stopped,bundle,overlay.com.android.ide.eclipse.adt.overlay,16.0.1.v201112150204-238534,"overlay.com.android.ide.eclipse.adt.overlay",1331227132661
stopped,bundle,com.android.ide.eclipse.adt,16.0.1.v201112150204-238534,"com.android.ide.eclipse.adt",1331227132661
stopped,bundle,org.eclipse.ui.cheatsheets,3.4.100.v20110425,"org.eclipse.ui.cheatsheets",1331227132742
stopped,bundle,org.eclipse.help.ui,3.5.101.r37_20110819,"org.eclipse.help.ui",1331227132909
stopped,bundle,org.eclipse.help.webapp,3.6.0.v20110518,"org.eclipse.help.webapp",1331227133081
stopped,bundle,org.eclipse.epp.mpc.ui,1.1.1.I20110907-0947,"org.eclipse.epp.mpc.ui",1331227133081
stopped,bundle,org.eclipse.epp.usagedata.ui,1.3.1.R201106061540,"org.eclipse.epp.usagedata.ui",1331227133157
stopped,bundle,org.eclipse.ui.intro.universal,3.2.500.v20110510,"org.eclipse.ui.intro.universal",1331227133157
stopped,bundle,org.eclipse.ui.intro,3.4.100.v20110425,"org.eclipse.ui.intro",1331227133157
stopped,bundle,org.eclipse.help.base,3.6.1.v201109091335,"org.eclipse.help.base",1331227133318
stopped,bundle,org.eclipse.equinox.http.jetty,2.0.100.v20110502,"org.eclipse.equinox.http.jetty",1331227133649
